label,proportion
WARNING,0.9983191104215153
ERROR,0.0009050943884147918
ALERT,0.0007757951900698216
